AI_Label,EN_Word,JP_Word,Traffic_Light,Bio_Warning,Quiz_Question,Quiz_Ans
pizza,Pizza,ピザ (Piza),🔴 紅燈 (高鈉/高脂),警告：明天早上臉絕對會水腫！高GI與飽和脂肪會引起餐後嗜睡與血糖劇烈波動。,在義大利，披薩上加什麼會觸怒當地人？,鳳梨 (夏威夷披薩)
apple,Apple,りんご (Ringo),🟢 綠燈 (高纖維),富含槲皮素與維他命C，抗氧化並幫助熬夜恢復氣色！果皮膳食纖維更有助於腸胃蠕動。,日本最有名的蘋果產地在哪個縣？,青森縣
banana,Banana,バナナ (Banana),🟡 黃燈 (高鉀/天然糖份),運動後補給聖品！但高血壓腎功能不佳者需注意鉀離子代謝攝取量。,香蕉彎曲生長的主要原因是什麼？,背地性（向陽性，朝陽光方向生長）
orange,Orange,オレンジ (Orenji),🟢 綠燈 (高維他命C),柑橘類富含黃酮類與維生素C，能增強免疫力，但空腹過量食用易刺激胃酸。,橙色柑橘中主要提供亮麗橘色的抗氧化色素是什麼？,胡蘿蔔素與類黃酮
sandwich,Sandwich,サンドイッチ (Sandoitchi),🟡 黃燈 (碳水均衡/視夾餡),建議避開油炸肉排與大量美乃滋抹醬，選擇全麥麵包與水煮蛋更健康。,三明治相傳是由哪一國的「三明治伯爵」所發明的？,"英國 (John Montagu, 4th Earl of Sandwich)"
broccoli,Broccoli,ブロッコリー (Burokkorī),🟢 綠燈 (超抗氧化),十字花科蔬菜之王！富含蘿蔔硫素，具極佳的細胞保護與抗癌抗發炎效能。,青花菜 (Broccoli) 與花椰菜 (Cauliflower) 其實是同一物種嗎？,是的，兩者都是甘藍的變種
hot dog,Hot Dog,ホットドッグ (Hottodoggu),🔴 紅燈 (高鈉/超加工肉品),加工肉品含亞硝酸鹽與過量鈉，世界衛生組織列為一級致癌物，應限制食用頻率。,熱狗的名字由來傳說與哪一種狗的外型有關？,臘腸犬 (Dachshund)
donut,Donut,ドーナツ (Dōnatsu),🔴 紅燈 (超精製糖/反式脂肪),高溫油炸與高糖霜結合，容易誘發體內慢性發炎及胰島素阻抗，切忌常吃！,為什麼傳統甜甜圈中間通常會有一個洞？,為了讓油炸時受熱均勻，避免中心炸不熟
cake,Cake,ケーキ (Kēki),🔴 紅燈 (精製糖/高熱量),高精製糖與奶油熱量炸彈，易造成糖化終產物 (AGEs) 累積，加速皮膚老化。,法式經典「瑪德蓮蛋糕」著名的貝殼外型是由哪種容器烤出來的？,貝殼形模具
carrot,Carrot,にんじん (Ninjin),🟢 綠燈 (富含β-胡蘿蔔素),脂溶性維生素的最佳來源，建議搭配健康油脂烹調以促進吸收，有助眼睛保健。,兔子在自然環境中最常吃的食物其實是胡蘿蔔嗎？,不是，野兔主要吃草和葉子，胡蘿蔔糖分過高反而不能多吃
